{"assets/fonts/WorkSans-Medium.ttf":["assets/fonts/WorkSans-Medium.ttf"],"assets/images/Screenshot 2024-12-26 235328.png":["assets/images/Screenshot 2024-12-26 235328.png"],"assets/images/Screenshot 2024-12-27 000329.png":["assets/images/Screenshot 2024-12-27 000329.png"],"assets/images/Ultra_Clap_Logo.png":["assets/images/Ultra_Clap_Logo.png"],"assets/images/addition.png":["assets/images/addition.png"],"assets/images/admin.png":["assets/images/admin.png"],"assets/images/admin_icon.png":["assets/images/admin_icon.png"],"assets/images/agreement_image.png":["assets/images/agreement_image.png"],"assets/images/annual_maintenance_icon.png":["assets/images/annual_maintenance_icon.png"],"assets/images/app_icon.png":["assets/images/app_icon.png"],"assets/images/approval_icon.png":["assets/images/approval_icon.png"],"assets/images/background.jpg":["assets/images/background.jpg"],"assets/images/background_crowd.png":["assets/images/background_crowd.png"],"assets/images/banner.png":["assets/images/banner.png"],"assets/images/carsual_image.png":["assets/images/carsual_image.png"],"assets/images/community.png":["assets/images/community.png"],"assets/images/donation.png":["assets/images/donation.png"],"assets/images/engineer_icon.png":["assets/images/engineer_icon.png"],"assets/images/first_image.jpg":["assets/images/first_image.jpg"],"assets/images/flight_ticket_icon.png":["assets/images/flight_ticket_icon.png"],"assets/images/gallery_icon.png":["assets/images/gallery_icon.png"],"assets/images/gatepass.png":["assets/images/gatepass.png"],"assets/images/home.png":["assets/images/home.png"],"assets/images/home_screen_image.png":["assets/images/home_screen_image.png"],"assets/images/homeicon.png":["assets/images/homeicon.png"],"assets/images/kunal.png":["assets/images/kunal.png"],"assets/images/kunalsir.png":["assets/images/kunalsir.png"],"assets/images/logo.png":["assets/images/logo.png"],"assets/images/on_borading_login_pic.png":["assets/images/on_borading_login_pic.png"],"assets/images/people.png":["assets/images/people.png"],"assets/images/photo.png":["assets/images/photo.png"],"assets/images/play_pause_button.png":["assets/images/play_pause_button.png"],"assets/images/play_pause_buttons.png":["assets/images/play_pause_buttons.png"],"assets/images/playstore-icon.png":["assets/images/playstore-icon.png"],"assets/images/profilespic.png":["assets/images/profilespic.png"],"assets/images/qr_code.png":["assets/images/qr_code.png"],"assets/images/qr_icon.png":["assets/images/qr_icon.png"],"assets/images/request_image.png":["assets/images/request_image.png"],"assets/images/seat_booking.png":["assets/images/seat_booking.png"],"assets/images/seat_booking_icon.png":["assets/images/seat_booking_icon.png"],"assets/images/security_gate_icon.png":["assets/images/security_gate_icon.png"],"assets/images/setting_icon.png":["assets/images/setting_icon.png"],"assets/images/splesh.jpeg":["assets/images/splesh.jpeg"],"assets/images/splesh_icon.png":["assets/images/splesh_icon.png"],"assets/images/splesh_image.jpg":["assets/images/splesh_image.jpg"],"assets/images/tenant_icon.png":["assets/images/tenant_icon.png"],"assets/images/ticket.png":["assets/images/ticket.png"],"assets/images/tickets.png":["assets/images/tickets.png"],"assets/images/user.png":["assets/images/user.png"],"assets/images/visitopr.png":["assets/images/visitopr.png"],"assets/images/visitor_icon.png":["assets/images/visitor_icon.png"],"assets/images/welocme_pic.png":["assets/images/welocme_pic.png"],"assets/images/work_permit.png":["assets/images/work_permit.png"],"packages/cupertino_icons/assets/CupertinoIcons.ttf":["packages/cupertino_icons/assets/CupertinoIcons.ttf"],"packages/fluttertoast/assets/toastify.css":["packages/fluttertoast/assets/toastify.css"],"packages/fluttertoast/assets/toastify.js":["packages/fluttertoast/assets/toastify.js"],"packages/wakelock_plus/assets/no_sleep.js":["packages/wakelock_plus/assets/no_sleep.js"]}